"data.id","left.size","left.stride.lt.mu","left.stride.lt.sd","left.stride.wt.mu","left.stride.wt.sd","left.stride.t.mu","left.stride.t.sd","right.size","right.stride.lt.mu","right.stride.lt.sd","right.stride.wt.mu","right.stride.wt.sd","right.stride.t.mu","right.stride.t.sd","start.leg","left.start.lt","left.start.t","right.start.lt","right.start.t","velocity","left.velocity","right.velocity","cadence","left.cadence","right.cadence","turn.t","turn.side","left.turn.t","right.turn.t"
"total",4,1369.585,775.564146906409,98.40325,58.5629178367734,1563.75,792.631639960623,4,1382.595,438.557602792001,153.58555,37.7010552588386,1522,592.214488171304,"-",-1,-1,-1,-1,0.891899862270113,0.875833733013589,0.908406701708279,38.8884387912177,38.3693045563549,39.4218134034166,268,"right",-1,268
"2001-01-01-1-1",4,1369.585,775.564146906409,98.40325,58.5629178367734,1563.75,792.631639960623,4,1382.595,438.557602792001,153.58555,37.7010552588386,1522,592.214488171304,"-",-1,-1,-1,-1,0.891899862270113,0.875833733013589,0.908406701708279,38.8884387912177,38.3693045563549,39.4218134034166,268,"right",-1,268
